{
  "version": 1,
  "author": "sunny kumar",
  "editor": "wokwi",
  "parts": [
    {
      "type": "wokwi-arduino-uno",
      "id": "uno",
      "top": 13.22,
      "left": -64.64,
      "rotate": 90,
      "attrs": {}
    },
    { "type": "wokwi-7segment", "id": "sevseg1", "top": 28.13, "left": 309.45, "attrs": {} },
    { "type": "wokwi-vcc", "id": "vcc1", "top": -44.4, "left": 211.13, "attrs": {} }
  ],
  "connections": [
    [ "sevseg1:COM.2", "vcc1:VCC", "green", [ "h4.59", "v-31.13", "h-117.52" ] ],
    [ "sevseg1:A", "uno:0", "green", [ "v-17.91", "h44.2", "v221.09", "h16.16" ] ],
    [ "sevseg1:B", "uno:1", "green", [ "v-13.51", "h28.72", "v207.14", "h-0.73" ] ],
    [ "sevseg1:C", "uno:2", "green", [ "v116.78", "h-174.69" ] ],
    [ "sevseg1:D", "uno:3", "green", [ "v107.96", "h-155.49" ] ],
    [ "sevseg1:E", "uno:4", "green", [ "v98.41", "h-148.09" ] ],
    [ "sevseg1:F", "uno:5", "green", [ "v-8.36", "h-84.97", "v162.33" ] ],
    [ "sevseg1:G", "uno:6", "green", [ "v-6.16", "h-83.45", "v153.52", "h-13.96" ] ]
  ],
  "dependencies": {}
}